{"cameraMode":{"drawMode":0,"name":"Shaded","section":"Shading Mode"},"sceneLighting":false,"audioPlay":false,"sceneViewState":{"showFog":true,"showMaterialUpdate":false,"showSkybox":false,"showFlares":true,"showImageEffects":true,"showParticleSystems":true,"showVisualEffectGraphs":true,"m_FxEnabled":true},"in2DMode":false,"pivot":{"x":-1.8733172416687012,"y":4.627762794494629,"z":0.39323997497558596},"rotation":{"x":0.2934558093547821,"y":-0.018639955669641496,"z":0.005723117850720882,"w":0.9557738304138184},"size":12.363178253173829,"orthographic":false}