{"cameraMode":{"drawMode":0,"name":"Shaded","section":"Shading Mode"},"sceneLighting":true,"audioPlay":false,"sceneViewState":{"showFog":true,"showMaterialUpdate":false,"showSkybox":true,"showFlares":true,"showImageEffects":true,"showParticleSystems":true,"showVisualEffectGraphs":true,"m_FxEnabled":true},"in2DMode":false,"pivot":{"x":31.62688446044922,"y":179.13717651367188,"z":-90.90692138671875},"rotation":{"x":0.19218067824840547,"y":-0.03384954109787941,"z":0.006632883567363024,"w":0.9807553291320801},"size":158.9653778076172,"orthographic":false}