{"cameraMode":{"drawMode":0,"name":"Shaded","section":"Shading Mode"},"sceneLighting":false,"audioPlay":false,"sceneViewState":{"showFog":true,"showMaterialUpdate":false,"showSkybox":false,"showFlares":true,"showImageEffects":true,"showParticleSystems":true,"showVisualEffectGraphs":true,"m_FxEnabled":true},"in2DMode":false,"pivot":{"x":-0.695191502571106,"y":5.356045722961426,"z":-2.9913716316223146},"rotation":{"x":0.08990610390901566,"y":-0.17769098281860352,"z":0.016304556280374528,"w":0.9798367619514465},"size":17.745779037475587,"orthographic":true}