{"cameraMode":{"drawMode":0,"name":"Shaded","section":"Shading Mode"},"sceneLighting":false,"audioPlay":false,"sceneViewState":{"showFog":true,"showMaterialUpdate":false,"showSkybox":false,"showFlares":true,"showImageEffects":true,"showParticleSystems":true,"showVisualEffectGraphs":true,"m_FxEnabled":true},"in2DMode":false,"pivot":{"x":0.0026297569274902345,"y":-0.3488612174987793,"z":2.1919491291046144},"rotation":{"x":0.1688978224992752,"y":-0.5318166017532349,"z":0.1091897189617157,"w":0.8226320147514343},"size":2.6501357555389406,"orthographic":false}